{"mape": 0.22794155674936895, "rmse": 253583.05322387605, "r2": 0.5701224270714064}