{"mape": 0.17907822949756824, "rmse": 201669.37783479592, "r2": 0.7281156235920807, "mae": 102069.64067357514}